DateTime,High,Low,Average,Volume BTC
2016-03-08 00:00:00,3.4300,3.2000,3.3200,69385.49
2016-03-09 00:00:00,3.3100,3.2400,3.2600,145570.73
2016-03-10 00:00:00,3.2800,3.2300,3.2700,174442.74
2016-03-11 00:00:00,3.2800,3.2800,3.2800,174442.74
2016-03-14 00:00:00,3.3300,3.2700,3.3100,50744.37
2016-03-15 00:00:00,3.3400,3.2600,3.3100,49736.48
2016-03-16 00:00:00,3.3400,3.3000,3.3200,48164.79
2016-03-17 00:00:00,3.3500,3.3100,3.3300,44601.23
2016-03-18 00:00:00,3.3400,3.3300,3.3400,44601.23
2016-03-19 00:00:00,3.3400,3.1600,3.2000,62459.81
2016-03-20 00:00:00,3.1800,3.1800,3.1800,62459.81
2016-03-21 00:00:00,3.2300,3.1800,3.1900,43758.48
2016-03-22 00:00:00,3.2500,3.1900,3.2300,37914.87
2016-03-23 00:00:00,3.2700,3.2200,3.2500,106587.97
2016-03-24 00:00:00,3.2600,3.2200,3.2400,76921.76
2016-03-25 00:00:00,3.2400,3.1900,3.2200,51801.26
2016-03-26 00:00:00,3.2500,3.2000,3.2200,29925.59
2016-03-27 00:00:00,3.2200,3.2200,3.2200,29925.59
2016-03-29 00:00:00,3.2900,3.1900,3.2200,99222.81
2016-03-30 00:00:00,3.2400,3.1900,3.2200,44106.38
2016-03-31 00:00:00,3.2200,3.2200,3.2200,44106.38
2016-04-03 00:00:00,3.2900,3.2100,3.2500,30696.49
2016-04-04 00:00:00,3.2600,3.2100,3.2400,23797.14
2016-04-05 00:00:00,3.2800,3.2300,3.2600,17339.23
2016-04-06 00:00:00,3.2600,3.2200,3.2400,11328.73
2016-04-07 00:00:00,3.2500,3.2200,3.2300,12735.43
2016-04-08 00:00:00,3.2600,3.2300,3.2500,12809.9
2016-04-09 00:00:00,3.2600,3.1900,3.2300,39060.82
2016-04-10 00:00:00,3.2200,3.2100,3.2200,39264.77
2016-04-11 00:00:00,3.2300,3.2000,3.2200,20209.0
2016-04-12 00:00:00,3.2700,3.2100,3.2400,36883.97
2016-04-13 00:00:00,3.2600,3.2300,3.2500,40299.2
2016-04-14 00:00:00,3.2700,3.2400,3.2500,37998.39
2016-04-15 00:00:00,3.2800,3.2300,3.2600,49985.93
2016-04-16 00:00:00,3.3100,3.2600,3.2800,22362.43
2016-04-17 00:00:00,3.3100,3.2500,3.2800,20453.76
2016-04-18 00:00:00,3.2700,3.2200,3.2500,21990.92
2016-04-19 00:00:00,3.2700,3.2200,3.2500,26280.81
2016-04-20 00:00:00,3.2900,3.2500,3.2700,41593.49
2016-04-21 00:00:00,3.3400,3.2700,3.3100,60148.49
2016-04-22 00:00:00,3.3400,3.2800,3.3100,74976.47
2016-04-23 00:00:00,3.3100,3.3100,3.3100,74976.47
2016-04-24 00:00:00,3.5900,3.3100,3.4300,224090.11
2016-04-25 00:00:00,3.8200,3.5000,3.6400,343939.81
2016-04-26 00:00:00,4.0800,3.7300,3.8700,334753.71
2016-04-27 00:00:00,4.2000,3.8100,4.0100,547061.3
2016-04-28 00:00:00,3.8900,3.7000,3.7900,255219.93
2016-04-29 00:00:00,3.8300,3.7100,3.7800,96603.41
2016-04-30 00:00:00,3.8000,3.6300,3.7400,91331.49
2016-05-01 00:00:00,3.7200,3.6400,3.6800,58496.93
2016-05-02 00:00:00,3.7700,3.6400,3.7000,61879.58
2016-05-03 00:00:00,3.7300,3.6700,3.6800,109382.34
2016-05-04 00:00:00,3.7600,3.7000,3.7200,81181.99
2016-05-05 00:00:00,3.7700,3.6800,3.7100,42348.62
2016-05-06 00:00:00,3.8000,3.6800,3.7300,34235.2
2016-05-07 00:00:00,3.8700,3.7900,3.8600,62571.91
2016-05-08 00:00:00,3.9100,3.8500,3.8600,125984.57
2016-05-09 00:00:00,4.0500,3.8600,3.9400,168888.86
2016-05-10 00:00:00,4.0800,3.7900,3.9500,167520.84
2016-05-11 00:00:00,3.9200,3.7800,3.8600,134586.63
2016-05-12 00:00:00,3.9000,3.7800,3.8400,72709.59
2016-05-13 00:00:00,3.9500,3.8200,3.8800,138076.92
2016-05-14 00:00:00,4.0500,3.9000,3.9900,121812.11
2016-05-15 00:00:00,4.0900,3.9500,4.0200,95839.09
2016-05-16 00:00:00,4.1400,3.9800,4.0700,156185.1
2016-05-17 00:00:00,4.0200,3.9700,4.0000,114534.67
2016-05-18 00:00:00,4.0500,3.9800,4.0100,92028.14
2016-05-19 00:00:00,4.0200,3.8800,3.9600,186268.05
2016-05-20 00:00:00,3.9100,3.8400,3.8800,252628.73
2016-05-21 00:00:00,3.9800,3.8800,3.9300,88973.14
2016-05-22 00:00:00,3.9900,3.9300,3.9600,41720.8
2016-05-23 00:00:00,3.9800,3.9400,3.9700,36318.33
2016-05-24 00:00:00,4.0000,3.9700,3.9800,34228.01
2016-05-25 00:00:00,4.0600,3.9800,4.0300,119434.2
2016-05-26 00:00:00,4.0900,4.0300,4.0700,159525.02
2016-05-27 00:00:00,4.5300,4.0900,4.3400,315965.94
2016-05-28 00:00:00,4.5900,4.3200,4.4100,274147.53
2016-05-29 00:00:00,4.7800,4.3700,4.6200,340472.88
2016-05-30 00:00:00,4.6700,4.5600,4.6300,151694.14
2016-06-20 00:00:00,5.4900,5.1900,5.3600,205646.94
2016-06-21 00:00:00,5.1000,4.6600,4.8700,642747.83
2016-06-27 00:00:00,4.1400,4.1400,4.1400,183049.84
2016-06-28 00:00:00,4.1400,4.0700,4.0800,210651.84
2016-06-29 00:00:00,4.0700,4.0200,4.0400,96699.81
2016-06-30 00:00:00,4.1800,4.0300,4.1100,177633.42
2016-07-01 00:00:00,4.2900,4.1700,4.2300,209004.31
2016-07-02 00:00:00,4.6000,4.2400,4.4000,267553.42
2016-07-03 00:00:00,4.6000,4.2000,4.3800,370648.7
2016-07-04 00:00:00,4.4900,4.2300,4.3800,239542.34
2016-07-05 00:00:00,4.4900,4.3300,4.4100,157707.3
2016-07-06 00:00:00,4.5000,4.4200,4.4600,85784.27
2016-07-07 00:00:00,4.5000,3.9600,4.1700,485775.67
2016-07-08 00:00:00,4.2300,4.0500,4.1200,433348.47
2016-07-09 00:00:00,4.2200,4.0200,4.1200,466716.64
2016-07-10 00:00:00,4.1300,4.1000,4.1200,117403.58
2016-07-11 00:00:00,4.1900,4.0900,4.1100,275100.07
2016-07-12 00:00:00,4.2000,4.0900,4.1400,287140.77
2016-07-13 00:00:00,4.1700,4.1400,4.1600,124120.55
2016-07-14 00:00:00,4.1700,4.1100,4.1500,98428.69
2016-07-15 00:00:00,4.1700,4.1500,4.1600,130602.14
2016-07-16 00:00:00,4.1600,4.1200,4.1500,75396.69
2016-07-17 00:00:00,4.2000,4.1300,4.1600,154086.52
2016-07-18 00:00:00,4.1900,4.1500,4.1700,72870.64
2016-07-19 00:00:00,4.1700,4.1400,4.1600,91397.22
2016-07-20 00:00:00,4.1700,4.1200,4.1400,120258.7
2016-07-21 00:00:00,4.1300,4.1100,4.1200,95996.09
2016-07-22 00:00:00,4.1300,4.0400,4.0900,266399.64
2016-07-23 00:00:00,4.0700,4.0300,4.0500,106398.11
2016-07-24 00:00:00,4.0800,4.0400,4.0600,132091.06
2016-07-25 00:00:00,4.0800,4.0300,4.0500,95735.09
2016-07-26 00:00:00,4.0400,3.9500,3.9900,203417.61
2016-07-27 00:00:00,3.9800,3.9600,3.9700,121234.67
2016-07-28 00:00:00,3.9900,3.9800,3.9800,156774.57
2016-07-29 00:00:00,4.1000,3.9700,4.0300,127395.07
2016-07-30 00:00:00,4.1000,4.0700,4.0800,99213.08
2016-07-31 00:00:00,4.0900,3.9600,3.9900,165442.11
2016-08-01 00:00:00,3.9500,3.8900,3.9300,154170.9
2016-08-02 00:00:00,3.8800,3.5500,3.7500,678088.5
2016-08-03 00:00:00,3.7100,3.5800,3.6400,341554.25
2016-08-04 00:00:00,3.7100,3.6900,3.7000,125349.16
2016-08-05 00:00:00,3.7100,3.6900,3.7000,56793.24
2016-08-06 00:00:00,3.7400,3.6800,3.7000,78737.96
2016-08-07 00:00:00,3.7800,3.7300,3.7400,92055.68
2016-08-08 00:00:00,3.7900,3.7400,3.7700,122293.89
2016-08-09 00:00:00,3.7800,3.7300,3.7500,122640.77
2016-08-10 00:00:00,3.8000,3.6900,3.7600,154423.13
2016-08-11 00:00:00,3.7400,3.6700,3.7100,144671.23
2016-08-12 00:00:00,3.7400,3.6900,3.7200,126172.76
2016-08-13 00:00:00,3.7500,3.6900,3.7100,171335.06
2016-08-14 00:00:00,3.7200,3.6400,3.6900,302393.59
2016-08-15 00:00:00,3.6900,3.5800,3.6400,518497.92
2016-08-16 00:00:00,3.6500,3.5900,3.6100,255893.63
2016-08-17 00:00:00,3.6500,3.6000,3.6200,115010.17
2016-08-18 00:00:00,3.6300,3.6000,3.6100,86407.55
2016-08-19 00:00:00,3.6100,3.6000,3.6100,83894.42
2016-08-20 00:00:00,3.6200,3.5900,3.6100,123383.86
2016-08-21 00:00:00,3.6300,3.6100,3.6200,52218.19
2016-08-22 00:00:00,3.6500,3.6000,3.6300,202712.64
2016-08-23 00:00:00,3.9600,3.6600,3.8100,801545.03
2016-08-24 00:00:00,3.9300,3.8500,3.9000,315524.71
2016-08-25 00:00:00,3.8300,3.7900,3.8000,248954.67
2016-08-26 00:00:00,3.8400,3.8000,3.8200,218375.84
2016-08-27 00:00:00,3.8300,3.7400,3.7800,170285.31
2016-08-28 00:00:00,3.7500,3.7300,3.7400,167641.03
2016-08-29 00:00:00,3.7800,3.7500,3.7700,231295.5
2016-08-30 00:00:00,3.8200,3.7600,3.7900,175730.63
2016-08-31 00:00:00,3.8100,3.7800,3.7900,67982.88
2016-09-01 00:00:00,3.8500,3.8000,3.8300,135441.24
2016-09-02 00:00:00,3.8400,3.8200,3.8300,134151.74
2016-09-03 00:00:00,3.9100,3.8100,3.8400,151053.53
2016-09-04 00:00:00,4.0300,3.9000,3.9700,787514.14
2016-09-05 00:00:00,4.0200,3.9700,3.9900,742337.57
2016-09-06 00:00:00,3.9900,3.9600,3.9800,97371.94
2016-09-07 00:00:00,3.9700,3.9500,3.9600,169159.22
2016-09-08 00:00:00,4.0000,3.9600,3.9800,256857.72
2016-09-09 00:00:00,3.9800,3.9400,3.9600,91919.26
2016-09-10 00:00:00,3.9600,3.9500,3.9600,65086.93
2016-09-11 00:00:00,3.9700,3.8700,3.9400,319299.62
2016-09-12 00:00:00,3.8500,3.7800,3.8100,104412.78
2016-09-13 00:00:00,3.8200,3.8000,3.8100,253981.02
2016-09-14 00:00:00,3.8300,3.8200,3.8200,59803.1
2016-09-15 00:00:00,3.8300,3.7600,3.8000,89643.18
2016-09-16 00:00:00,3.8200,3.7800,3.8000,67113.73
2016-09-17 00:00:00,3.8100,3.8000,3.8100,108546.89
2016-09-18 00:00:00,3.8400,3.8100,3.8200,83066.67
2016-09-19 00:00:00,3.8400,3.8300,3.8300,115426.74
2016-09-20 00:00:00,3.8300,3.8200,3.8300,48419.26
2016-09-21 00:00:00,3.7800,3.7600,3.7700,137655.31
2016-09-22 00:00:00,3.7800,3.7600,3.7700,83180.63
2016-09-23 00:00:00,3.8100,3.7600,3.7900,69795.56
2016-09-24 00:00:00,3.8300,3.8000,3.8200,143277.85
2016-09-25 00:00:00,3.8200,3.7800,3.8000,131731.05
2016-09-26 00:00:00,3.8500,3.7900,3.8200,207549.02
2016-09-27 00:00:00,3.8700,3.8400,3.8500,120319.94
2016-09-28 00:00:00,3.8500,3.8400,3.8400,55057.72
2016-09-29 00:00:00,3.8600,3.8300,3.8500,69927.02
2016-09-30 00:00:00,3.8500,3.8200,3.8400,229402.52
2016-10-01 00:00:00,3.8500,3.8400,3.8500,78241.25
2016-10-02 00:00:00,3.8500,3.8300,3.8400,92527.76
2016-10-03 00:00:00,3.8500,3.8200,3.8400,30929.7
2016-10-04 00:00:00,3.8300,3.8100,3.8200,31203.93
2016-10-05 00:00:00,3.8500,3.8100,3.8300,57878.13
2016-10-06 00:00:00,3.8500,3.8300,3.8400,52712.45
2016-10-07 00:00:00,3.8600,3.8400,3.8500,92036.78
2016-10-08 00:00:00,3.8600,3.8400,3.8500,100461.89
2016-10-09 00:00:00,3.8500,3.8100,3.8200,56067.16
2016-10-10 00:00:00,3.8200,3.7800,3.8000,77986.79
2016-10-11 00:00:00,3.8400,3.7900,3.8200,140641.23
2016-10-12 00:00:00,3.8200,3.8000,3.8100,48523.24
2016-10-13 00:00:00,3.9400,3.8000,3.9000,243242.68
2016-10-14 00:00:00,3.9100,3.8900,3.9000,110335.89
2016-10-15 00:00:00,3.9200,3.8700,3.9000,50353.47
2016-10-16 00:00:00,3.9000,3.8700,3.8900,149483.38
2016-10-17 00:00:00,3.9100,3.8500,3.8800,51927.67
2016-10-18 00:00:00,3.8600,3.8200,3.8500,63466.16
2016-10-19 00:00:00,3.8400,3.7800,3.8200,87171.11
2016-10-20 00:00:00,3.8000,3.7700,3.7900,56701.39
2016-10-21 00:00:00,3.8200,3.7700,3.7900,91232.34
2016-10-22 00:00:00,3.9100,3.8100,3.8500,298523.86
2016-10-23 00:00:00,3.9400,3.9000,3.9200,189324.7
2016-10-24 00:00:00,3.9200,3.8700,3.9000,131120.54
2016-10-25 00:00:00,3.9200,3.8700,3.8900,85192.25
2016-10-26 00:00:00,3.9600,3.9200,3.9400,276304.45
2016-10-27 00:00:00,4.0500,3.9700,4.0200,445554.8
2016-10-28 00:00:00,4.0600,3.9800,4.0100,282642.25
2016-10-29 00:00:00,4.1000,3.9900,4.0600,348265.17
2016-10-30 00:00:00,4.0900,4.0500,4.0600,255748.31
2016-10-31 00:00:00,4.0600,3.9900,4.0200,155580.91
2016-11-01 00:00:00,4.1800,4.0300,4.1000,315326.28
2016-11-02 00:00:00,4.1600,4.0900,4.1100,250575.23
2016-11-03 00:00:00,4.2200,3.8600,4.0700,565568.49
2016-11-04 00:00:00,3.8800,3.8200,3.8600,195391.64
2016-11-05 00:00:00,3.8800,3.8400,3.8600,69818.32
2016-11-06 00:00:00,3.9200,3.8600,3.8800,116891.32
2016-11-07 00:00:00,3.8800,3.8300,3.8500,99879.85
2016-11-08 00:00:00,3.8700,3.8400,3.8600,153570.44
2016-11-09 00:00:00,3.9100,3.8500,3.8800,253186.51
2016-11-10 00:00:00,3.8700,3.8200,3.8400,203809.45
2016-11-11 00:00:00,3.8500,3.8200,3.8400,172606.74
2016-11-12 00:00:00,3.8400,3.7700,3.8100,219149.84
2016-11-13 00:00:00,3.9100,3.7000,3.7800,206275.95
2016-11-14 00:00:00,3.9000,3.8600,3.8800,164856.34
2016-11-15 00:00:00,3.9700,3.8800,3.9200,269482.42
2016-11-16 00:00:00,4.0800,3.9400,4.0100,412189.08
2016-11-17 00:00:00,4.1100,3.9800,4.0500,207658.28
2016-11-18 00:00:00,4.0700,3.9900,4.0400,101865.63
2016-11-19 00:00:00,4.0600,4.0000,4.0300,64771.02
2016-11-20 00:00:00,4.0200,3.9400,3.9900,135327.41
2016-11-21 00:00:00,3.9900,3.9400,3.9700,42490.71
2016-11-22 00:00:00,4.0300,3.9400,3.9800,89607.11
2016-11-23 00:00:00,4.0200,3.9500,3.9800,84144.64
2016-11-24 00:00:00,3.9800,3.9200,3.9500,50538.68
2016-11-25 00:00:00,3.9500,3.9100,3.9200,37623.79
2016-11-26 00:00:00,3.9600,3.9100,3.9300,29112.71
2016-11-27 00:00:00,3.9500,3.9100,3.9300,26007.75
2016-11-28 00:00:00,3.9400,3.8900,3.9200,38813.18
2016-11-29 00:00:00,3.9300,3.8700,3.9000,146154.68
2016-11-30 00:00:00,3.9700,3.9000,3.9300,49719.61
2016-12-01 00:00:00,3.9700,3.9200,3.9500,59524.08
2016-12-02 00:00:00,3.9600,3.9100,3.9400,81071.07
2016-12-03 00:00:00,3.9400,3.9000,3.9200,30557.55
2016-12-04 00:00:00,3.9400,3.8900,3.9200,24738.55
2016-12-05 00:00:00,3.9400,3.4700,3.6400,646248.0
2016-12-06 00:00:00,3.5600,3.5100,3.5400,129931.06
2016-12-07 00:00:00,3.6500,3.5300,3.6000,83208.66
2016-12-08 00:00:00,3.7500,3.6400,3.7100,101163.71
2016-12-09 00:00:00,3.7400,3.7000,3.7200,46432.95
2016-12-10 00:00:00,3.7200,3.6800,3.7000,23173.68
2016-12-11 00:00:00,3.6900,3.6500,3.6700,26187.38
2016-12-12 00:00:00,3.7200,3.6300,3.6700,203485.97
2016-12-13 00:00:00,3.7300,3.6700,3.7100,36496.1
2016-12-14 00:00:00,3.6600,3.6300,3.6500,38870.13
2016-12-15 00:00:00,3.6900,3.6300,3.6500,30691.4
2016-12-16 00:00:00,3.6700,3.6400,3.6500,22526.42
2016-12-17 00:00:00,3.7200,3.6000,3.6600,119395.99
2016-12-18 00:00:00,3.7300,3.6900,3.7100,23978.84
2016-12-19 00:00:00,3.7000,3.6600,3.6800,103947.24
2016-12-20 00:00:00,3.6900,3.6700,3.6800,152271.13
2016-12-21 00:00:00,3.7000,3.6000,3.6500,65411.75
2016-12-22 00:00:00,3.7600,3.6700,3.7300,284688.66
2016-12-23 00:00:00,4.5300,3.7400,3.9700,1331482.1
2016-12-24 00:00:00,4.7600,4.5200,4.6200,2309073.89
2016-12-25 00:00:00,4.5800,4.2600,4.3600,1166457.78
2016-12-26 00:00:00,4.4800,4.3100,4.3900,829039.28
2016-12-27 00:00:00,4.5800,4.3500,4.4500,1219839.63
2016-12-28 00:00:00,4.6400,4.5700,4.6100,1068538.69
2016-12-29 00:00:00,4.6300,4.5400,4.6000,812104.92
2016-12-30 00:00:00,4.6200,4.3500,4.4800,682519.49
2016-12-31 00:00:00,4.4600,4.3600,4.4000,419994.34
2017-01-01 00:00:00,4.6200,4.4300,4.5100,837142.49
2017-01-02 00:00:00,4.8400,4.5900,4.7100,1125593.91
2017-01-03 00:00:00,4.8000,4.5800,4.7000,956137.63
2017-01-04 00:00:00,4.8700,4.7300,4.7900,1158834.92
2017-01-05 00:00:00,5.0000,4.2400,4.6100,1601549.76
2017-01-06 00:00:00,4.3400,3.8400,4.0600,813249.0
2017-01-07 00:00:00,3.9800,3.6200,3.8300,1109971.51
2017-01-08 00:00:00,4.0500,3.9500,4.0000,910436.74
2017-01-09 00:00:00,4.3500,3.9500,4.0300,898923.18
2017-01-10 00:00:00,4.6700,4.3200,4.4900,1498936.9
2017-01-11 00:00:00,4.6300,3.7800,4.1400,1631343.83
2017-01-12 00:00:00,3.9600,3.7500,3.8400,814786.96
2017-01-13 00:00:00,3.9600,3.8000,3.8700,925287.65
2017-01-14 00:00:00,3.9200,3.8700,3.8900,620841.88
2017-01-15 00:00:00,3.8800,3.8300,3.8400,316619.96
2017-01-16 00:00:00,3.8600,3.8200,3.8400,238131.67
2017-01-17 00:00:00,3.9400,3.8300,3.9000,638462.96
2017-01-18 00:00:00,3.9400,3.7800,3.8700,652580.55
2017-01-19 00:00:00,3.9100,3.8200,3.8500,608519.27
2017-01-20 00:00:00,3.9000,3.8500,3.8700,496824.0
2017-01-21 00:00:00,3.9200,3.8900,3.9100,272395.35
2017-01-22 00:00:00,3.9200,3.8200,3.8700,230302.58
2017-01-23 00:00:00,3.8500,3.8200,3.8400,320939.09
2017-01-24 00:00:00,3.8300,3.8000,3.8200,325946.29
2017-01-25 00:00:00,3.8100,3.6900,3.7600,310038.31
2017-01-26 00:00:00,3.8200,3.7100,3.7600,374135.97
2017-01-27 00:00:00,3.8400,3.8000,3.8100,290840.7
2017-01-28 00:00:00,3.8500,3.8300,3.8400,209209.11
2017-01-29 00:00:00,3.8500,3.8300,3.8400,169962.28
2017-01-30 00:00:00,3.9700,3.8500,3.8800,398334.03
2017-01-31 00:00:00,4.0700,4.0300,4.0500,489946.04
2017-02-01 00:00:00,4.0900,4.0400,4.0700,354513.71
2017-02-02 00:00:00,4.0700,4.0200,4.0400,275352.22
2017-02-03 00:00:00,4.0800,4.0200,4.0500,361011.76
2017-02-04 00:00:00,4.0600,4.0000,4.0300,317064.05
2017-02-05 00:00:00,4.0400,4.0100,4.0300,200793.95
2017-02-06 00:00:00,4.0600,4.0400,4.0500,191504.62
2017-02-07 00:00:00,4.0600,4.0300,4.0400,293284.6
2017-02-08 00:00:00,4.0600,3.9700,4.0200,310913.82
2017-02-09 00:00:00,4.0500,3.7100,3.9100,687519.1
2017-02-10 00:00:00,3.7900,3.6900,3.7400,252801.7
2017-02-11 00:00:00,3.8100,3.7800,3.8000,197100.99
2017-02-12 00:00:00,3.8100,3.7700,3.7800,184411.14
2017-02-13 00:00:00,3.7800,3.7400,3.7600,209713.55
2017-02-14 00:00:00,3.7700,3.7300,3.7500,196477.19
2017-02-15 00:00:00,3.8000,3.7600,3.7700,196615.96
2017-02-16 00:00:00,3.8100,3.7800,3.7900,179246.95
2017-02-17 00:00:00,3.8300,3.7800,3.8100,156420.86
2017-02-18 00:00:00,3.8300,3.7900,3.8100,152940.37
2017-02-19 00:00:00,3.7900,3.7600,3.7800,143427.09
2017-02-20 00:00:00,3.7700,3.7600,3.7700,202337.72
2017-02-21 00:00:00,3.7900,3.7600,3.7800,177904.82
2017-02-22 00:00:00,3.8300,3.7800,3.8100,140929.14
2017-02-23 00:00:00,3.8500,3.7900,3.8200,212889.93
2017-02-24 00:00:00,3.8800,3.8400,3.8600,176536.73
2017-02-25 00:00:00,3.8800,3.8200,3.8400,126831.27
2017-02-26 00:00:00,3.8500,3.8100,3.8300,153233.53
2017-02-27 00:00:00,3.8300,3.8100,3.8200,175174.43
2017-02-28 00:00:00,3.8100,3.7900,3.8000,55620.73
2017-03-01 00:00:00,3.8200,3.7900,3.8000,195157.1
2017-03-02 00:00:00,4.1100,3.7900,3.8400,679558.99
2017-03-03 00:00:00,4.0000,3.9300,3.9700,318746.33
2017-03-04 00:00:00,3.9400,3.8800,3.9100,180231.76
2017-03-05 00:00:00,3.8800,3.8600,3.8700,176700.77
2017-03-06 00:00:00,3.9500,3.8800,3.9100,183532.06
2017-03-07 00:00:00,3.9600,3.8700,3.9100,245657.84
2017-03-08 00:00:00,3.8800,3.8100,3.8400,222798.44
2017-03-09 00:00:00,3.8600,3.8100,3.8400,161963.06
2017-03-10 00:00:00,3.8700,3.7700,3.8500,433601.24
2017-03-11 00:00:00,3.8400,3.7800,3.8100,195717.78
2017-03-12 00:00:00,3.8800,3.8100,3.8400,211846.24
2017-03-13 00:00:00,4.4000,3.8500,4.0500,907972.65
2017-03-14 00:00:00,4.3200,4.1100,4.1600,247440.59
2017-03-15 00:00:00,4.2700,4.1000,4.1600,307165.91
2017-03-16 00:00:00,4.4600,4.1900,4.3200,617182.38
2017-03-17 00:00:00,4.3000,4.1200,4.2300,379231.54
2017-03-18 00:00:00,4.2500,3.8900,4.0900,524972.1
2017-03-19 00:00:00,4.1000,3.9400,4.0000,209509.6
2017-03-20 00:00:00,4.0700,3.9300,4.0000,138628.46
2017-03-21 00:00:00,4.0700,4.0100,4.0400,185665.25
2017-03-22 00:00:00,4.0200,3.9300,3.9800,251226.09
2017-03-23 00:00:00,4.0500,3.9700,4.0100,86462.23
2017-03-24 00:00:00,4.2200,4.0000,4.1000,520648.01
2017-03-25 00:00:00,4.1900,4.0200,4.0900,286393.02
2017-03-26 00:00:00,4.1200,4.0700,4.0900,126891.52
2017-03-27 00:00:00,4.1700,4.0700,4.1200,140470.46
2017-03-28 00:00:00,4.1900,4.1000,4.1600,133564.2
2017-03-29 00:00:00,4.3000,4.1300,4.2000,214692.84
2017-03-30 00:00:00,7.4000,4.2800,6.0100,5877756.59
2017-03-31 00:00:00,7.4000,6.0300,6.7300,2636963.05
2017-04-01 00:00:00,7.4200,6.5700,6.9400,1366419.94
2017-04-02 00:00:00,8.3000,7.0800,7.6400,2207166.27
2017-04-03 00:00:00,9.0200,7.6900,8.4200,2247093.78
2017-04-04 00:00:00,9.1600,8.2500,8.7200,2117822.76
2017-04-05 00:00:00,12.1100,8.6700,9.5600,4217390.48
2017-04-06 00:00:00,11.9600,10.3200,11.4000,3546240.41
2017-04-07 00:00:00,11.0500,9.7600,10.3200,1761811.09
2017-04-08 00:00:00,10.9600,9.8600,10.5100,956591.45
2017-04-09 00:00:00,10.7100,9.0300,9.8700,1866048.88
2017-04-10 00:00:00,9.8300,8.8500,9.3800,1246919.67
2017-04-11 00:00:00,9.9700,9.3600,9.5800,688494.03
2017-04-12 00:00:00,11.7700,9.5600,11.0500,2836556.88
2017-04-13 00:00:00,11.4900,10.7400,11.0900,895408.44
2017-04-14 00:00:00,11.6600,10.9000,11.2300,816756.76
2017-04-15 00:00:00,11.8400,11.2700,11.5500,844621.97
2017-04-16 00:00:00,11.6400,11.4400,11.5500,260326.6
2017-04-17 00:00:00,12.4400,11.5700,12.0400,1717256.26
2017-04-18 00:00:00,11.4900,10.8200,11.0900,1251434.09
2017-04-19 00:00:00,11.0800,10.0900,10.6000,695804.67
2017-04-20 00:00:00,10.9200,10.0900,10.5600,700454.34
2017-04-21 00:00:00,12.0000,10.7000,11.4000,1067346.86
2017-04-22 00:00:00,13.6300,11.7100,12.7100,1557201.2
2017-04-23 00:00:00,15.3700,13.8300,14.8100,1614774.04
2017-04-24 00:00:00,15.0400,14.1100,14.4600,670767.32
2017-04-25 00:00:00,14.5100,13.7000,13.9900,658394.75
2017-04-26 00:00:00,15.0300,14.3600,14.6700,876515.75
2017-04-27 00:00:00,14.4900,13.5500,14.1500,916176.75
2017-04-28 00:00:00,14.3900,13.9200,14.1700,339055.44
2017-04-29 00:00:00,15.1000,13.9900,14.5100,511369.14
2017-04-30 00:00:00,15.4500,15.0200,15.1900,479089.18
2017-05-01 00:00:00,15.7600,14.8900,15.2600,472663.46
2017-05-02 00:00:00,15.6000,15.0200,15.3200,274246.69
2017-05-03 00:00:00,20.2900,15.4300,17.6100,1830315.68
2017-05-04 00:00:00,23.9300,20.1900,21.5100,1660154.56
2017-05-05 00:00:00,26.0300,22.7600,24.5500,1210449.6
2017-05-06 00:00:00,27.0600,24.7600,25.3700,431149.89
2017-05-07 00:00:00,29.2600,27.1200,28.5700,667027.8
2017-05-08 00:00:00,29.2600,27.7200,28.3600,531022.37
2017-05-09 00:00:00,31.1100,24.5800,27.3400,1335977.19
2017-05-10 00:00:00,35.9200,30.2900,32.4200,1576079.33
2017-05-11 00:00:00,31.5600,28.1100,30.1800,812484.26
2017-05-12 00:00:00,30.4600,26.9300,29.2900,522085.24
2017-05-13 00:00:00,27.8500,25.6400,26.9200,457315.55
2017-05-14 00:00:00,29.0100,27.1000,28.2600,326081.07
2017-05-15 00:00:00,27.7700,24.7100,26.1900,533752.81
2017-05-16 00:00:00,24.4700,22.1000,23.5900,1026804.12
2017-05-17 00:00:00,25.3400,21.3000,23.4700,966558.48
2017-05-18 00:00:00,28.0300,24.7900,25.8500,680466.38
2017-05-19 00:00:00,27.4600,26.2100,26.7100,464181.95
2017-05-20 00:00:00,27.4100,26.4900,26.9200,242200.45
2017-05-21 00:00:00,27.5100,25.1900,26.2200,537709.86
2017-05-22 00:00:00,25.4300,23.1300,24.4900,885050.22
2017-05-23 00:00:00,30.1200,24.0400,27.3800,903934.19
2017-05-24 00:00:00,33.9900,30.1600,32.0700,800805.59
2017-05-25 00:00:00,33.0800,27.0400,30.9200,1085458.18
2017-05-26 00:00:00,29.5900,24.2800,27.4300,767864.15
2017-05-27 00:00:00,25.1000,18.7500,21.9200,1378700.4
2017-05-28 00:00:00,24.7700,21.4900,23.0200,651479.06
2017-05-29 00:00:00,25.3500,22.7400,24.0900,430054.08
2017-05-30 00:00:00,26.0400,23.5400,25.1300,459413.49
2017-05-31 00:00:00,25.3000,23.4100,24.3900,324932.87
2017-06-01 00:00:00,28.4000,25.3500,26.6600,722340.32
2017-06-02 00:00:00,27.6600,26.4200,27.0500,245966.01
2017-06-03 00:00:00,27.5300,26.6100,26.9200,182336.05
2017-06-04 00:00:00,27.4900,26.4500,27.0100,201729.76
2017-06-05 00:00:00,30.4200,27.9700,28.9200,426426.37
2017-06-06 00:00:00,30.1500,28.3300,29.4100,427028.75
2017-06-07 00:00:00,30.1000,27.9700,29.1300,271828.03
2017-06-08 00:00:00,29.4600,27.6400,28.5500,279814.16
2017-06-09 00:00:00,29.7600,29.2200,29.4500,181786.62
2017-06-10 00:00:00,29.5900,28.8600,29.2700,304581.59
2017-06-11 00:00:00,32.6300,28.9800,30.2300,583188.29
2017-06-12 00:00:00,32.1400,27.0900,29.5600,690845.89
2017-06-13 00:00:00,29.8600,28.2600,28.9800,233108.26
2017-06-14 00:00:00,31.0800,28.7300,29.8400,429003.68
2017-06-15 00:00:00,29.3700,26.5100,28.1100,632930.45
2017-06-16 00:00:00,33.1900,28.5900,30.7100,676964.26
2017-06-17 00:00:00,46.5300,34.4500,40.3500,1756844.4
2017-06-18 00:00:00,45.1900,40.9300,43.0900,949667.8
2017-06-19 00:00:00,48.7000,42.3600,45.9700,1262044.98
2017-06-20 00:00:00,48.0200,43.8100,46.6100,519966.58
2017-06-21 00:00:00,47.5300,42.7500,44.9800,567321.06
2017-06-22 00:00:00,47.5200,43.5200,45.5800,421922.02
2017-06-23 00:00:00,47.6700,46.9900,47.2200,227230.17
2017-06-24 00:00:00,46.9900,42.0400,44.6800,292948.67
2017-06-25 00:00:00,44.2100,41.1000,42.7600,321795.98
2017-06-26 00:00:00,42.6700,34.7500,38.9500,611840.33
2017-06-27 00:00:00,39.0000,35.2400,37.1600,425936.2
2017-06-28 00:00:00,42.4200,37.7000,39.8900,397815.27
2017-06-29 00:00:00,41.9400,39.2300,40.6300,236881.39
2017-06-30 00:00:00,40.7100,38.9000,39.8800,201174.94
2017-07-01 00:00:00,39.0300,37.3400,38.3200,193191.89
2017-07-02 00:00:00,42.1100,36.4400,38.7500,215675.77
2017-07-03 00:00:00,46.5700,40.1000,44.3200,750115.15
2017-07-04 00:00:00,53.0700,45.9600,50.2500,933888.06
2017-07-05 00:00:00,53.8300,49.8300,51.8300,602123.14
2017-07-06 00:00:00,51.8500,49.8600,50.8900,297488.41
2017-07-07 00:00:00,50.7500,45.5300,47.6200,416873.06
2017-07-08 00:00:00,51.0200,45.1900,47.8600,366136.66
2017-07-09 00:00:00,51.2200,49.1000,49.9500,208084.04
2017-07-10 00:00:00,49.6600,44.3400,47.5500,560132.72
2017-07-11 00:00:00,46.1600,42.4700,44.5200,538286.69
2017-07-12 00:00:00,47.6100,42.9800,45.6200,482458.65
2017-07-13 00:00:00,47.1900,44.3400,45.5700,253310.62
2017-07-14 00:00:00,45.2600,40.4800,43.3700,447787.01
2017-07-15 00:00:00,42.3100,38.3100,39.7900,407571.64
2017-07-16 00:00:00,40.6100,36.4700,38.6700,609163.86
2017-07-17 00:00:00,42.2900,40.2200,41.4300,448923.03
2017-07-18 00:00:00,44.3400,41.3100,42.8500,491587.53
2017-07-19 00:00:00,43.6000,40.6900,42.3000,395631.19
2017-07-20 00:00:00,45.1800,40.5500,43.0500,468502.27
2017-07-21 00:00:00,47.2900,43.8600,46.0500,193877.69
2017-07-22 00:00:00,47.5700,45.6900,46.8900,173854.15
2017-07-23 00:00:00,47.5800,44.1800,45.5100,243352.54
2017-07-24 00:00:00,45.4400,43.5500,44.4300,192504.39
2017-07-25 00:00:00,45.8400,42.2400,43.7900,203718.6
2017-07-26 00:00:00,44.1800,42.2900,43.1900,214002.74
2017-07-27 00:00:00,43.7600,43.0100,43.4700,163113.62
2017-07-28 00:00:00,44.0900,40.3637,41.7308,195168.3241
2017-07-29 00:00:00,41.2989,38.8936,39.7771,129746.5948
2017-07-30 00:00:00,41.7463,40.1046,40.7530,114213.5254
2017-07-31 00:00:00,43.0538,38.9468,40.8498,233169.8671
2017-08-01 00:00:00,44.1830,41.7620,42.8522,191609.8517
2017-08-02 00:00:00,43.1278,41.7070,42.5238,192414.1999
2017-08-03 00:00:00,42.9518,41.6746,42.4501,127285.319
2017-08-04 00:00:00,43.3547,42.4561,42.8471,110388.391
2017-08-05 00:00:00,46.4625,43.0664,45.5803,176987.6352
2017-08-06 00:00:00,46.5859,45.1333,45.7495,118728.8453
2017-08-07 00:00:00,46.2354,45.3551,45.7135,138224.7073
2017-08-08 00:00:00,49.3525,45.9812,46.4863,127009.5077
2017-08-09 00:00:00,50.1539,47.4995,48.4999,154957.6532
2017-08-10 00:00:00,48.7175,47.5716,48.0473,113564.5315
2017-08-11 00:00:00,47.6728,46.8184,47.0997,125876.1848
2017-08-12 00:00:00,47.4247,46.1883,46.9951,140079.9248
2017-08-13 00:00:00,46.9290,43.8710,45.9199,216059.5152
2017-08-14 00:00:00,46.4912,45.1780,45.6610,110180.5689
2017-08-15 00:00:00,45.4501,42.3650,43.4297,179130.7033
2017-08-16 00:00:00,44.6489,42.9583,43.6775,95195.06178914
2017-08-17 00:00:00,44.6221,43.5036,44.0839,130103.72851514
2017-08-18 00:00:00,47.0397,43.7057,45.4025,281084.64366698
2017-08-19 00:00:00,46.4209,43.4708,44.7234,148936.4853891
2017-08-20 00:00:00,47.0461,44.1718,45.3676,126689.24337676
2017-08-21 00:00:00,48.5889,45.4222,46.5355,223288.71253775
2017-08-22 00:00:00,48.2012,45.4142,46.3209,190086.36668521
2017-08-23 00:00:00,57.2173,46.1609,48.1154,474514.85159967
2017-08-24 00:00:00,54.1899,50.2145,51.8414,354113.91790616
2017-08-25 00:00:00,52.4386,49.3830,50.9448,207112.20173557
2017-08-26 00:00:00,52.3515,50.1176,50.9380,145625.6991968
2017-08-27 00:00:00,64.3893,51.5363,57.6833,567722.41216888
2017-08-28 00:00:00,64.8767,58.8872,61.9022,345307.01958251
2017-08-29 00:00:00,63.8600,61.0168,62.2535,246230.16256945
2017-08-30 00:00:00,65.7764,61.3848,62.8408,185215.55386244
2017-08-31 00:00:00,74.4400,64.8327,68.1000,433615.28251001
2017-09-01 00:00:00,90.1800,71.1900,79.3400,759231.87
2017-09-02 00:00:00,93.2400,71.4800,80.4400,332858.07
2017-09-03 00:00:00,84.1900,74.6700,79.1100,417717.04
2017-09-04 00:00:00,79.4400,62.2500,71.1500,694403.88
2017-09-05 00:00:00,74.6600,62.5000,68.9000,572181.08
2017-09-06 00:00:00,82.0200,73.4600,78.2100,458995.51
2017-09-07 00:00:00,83.0800,77.2900,80.1300,304677.24
2017-09-08 00:00:00,82.3000,68.4500,77.1100,576554.03
2017-09-09 00:00:00,73.9000,69.0900,71.2700,249750.21
2017-09-10 00:00:00,71.3200,63.4000,67.3600,359657.19
2017-09-11 00:00:00,71.6200,66.1200,68.3300,279762.99
2017-09-12 00:00:00,72.2400,65.0300,69.2700,325258.63
2017-09-13 00:00:00,66.2300,58.0400,61.8400,637835.04
2017-09-14 00:00:00,62.7300,45.0600,54.9700,906009.85
2017-09-15 00:00:00,55.3000,33.9700,47.8500,1636395.27
2017-09-16 00:00:00,56.6300,50.0400,52.7700,613584.66
2017-09-17 00:00:00,52.8000,47.6800,50.8600,414389.44
2017-09-18 00:00:00,57.5800,50.8700,54.7900,590208.01
2017-09-19 00:00:00,56.7800,51.4400,53.9900,1018088.16
2017-09-20 00:00:00,54.4900,51.0500,52.7200,511759.86
2017-09-21 00:00:00,52.4100,45.1300,49.7700,1236430.01
2017-09-22 00:00:00,48.5800,44.7100,46.7300,903735.58885624
2017-09-23 00:00:00,49.9200,46.3400,48.3300,578538.34978409
2017-09-24 00:00:00,49.4000,47.1700,47.9400,373680.35726539
2017-09-25 00:00:00,53.1100,47.3800,49.9800,768687.03196688
2017-09-26 00:00:00,54.2700,51.3700,52.6000,546730.623926
2017-09-27 00:00:00,57.3300,52.1500,54.1500,783332.252353
2017-09-28 00:00:00,57.2100,53.9400,55.5400,702715.49540641
2017-09-29 00:00:00,56.7800,50.5200,53.1900,657168.76736634
2017-09-30 00:00:00,55.9400,52.8900,54.9500,414635.12665628
2017-10-01 00:00:00,55.6200,53.5900,54.4300,353415.37043918
2017-10-02 00:00:00,55.0100,53.0800,54.1600,344821.45305282
2017-10-03 00:00:00,53.5600,51.2600,52.1700,353670.62763322
2017-10-04 00:00:00,52.9700,50.5400,51.8100,392527.65026298
2017-10-05 00:00:00,51.8300,50.1300,51.1000,345387.18118167
2017-10-06 00:00:00,52.7700,51.3200,52.1200,266723.74312399
2017-10-07 00:00:00,52.9200,51.5500,51.8400,252616.5184246
2017-10-08 00:00:00,54.7300,52.2500,53.0600,441435.9109687
2017-10-09 00:00:00,53.4400,48.2000,51.4800,600443.86670234
2017-10-10 00:00:00,51.7100,49.7000,50.5100,429281.21916037
2017-10-11 00:00:00,51.0998,50.2000,50.5813,287039.19767087
2017-10-12 00:00:00,59.8812,50.7287,53.5011,1281713.7035448
2017-10-13 00:00:00,60.5619,55.0973,58.1659,1208746.57579508
2017-10-14 00:00:00,66.2545,58.2849,61.5260,1089990.17502245
2017-10-15 00:00:00,70.1010,62.1069,65.1092,1399915.35490839
2017-10-16 00:00:00,66.3675,62.3173,64.3623,638555.82363562
2017-10-17 00:00:00,64.9385,58.5448,61.3418,664449.03675488
2017-10-18 00:00:00,61.8934,53.1017,57.2006,1116249.65152087
2017-10-19 00:00:00,61.3235,58.4229,59.8467,473211.83988204
2017-10-20 00:00:00,62.0403,58.2531,59.8105,474615.93738966
2017-10-21 00:00:00,60.3065,56.2750,58.3392,382716.57332344
2017-10-22 00:00:00,58.5543,55.5173,56.8740,226468.9382796
2017-10-23 00:00:00,56.4423,52.0538,54.4488,580148.91327809
2017-10-24 00:00:00,58.9139,52.4255,57.0970,564980.10405901
2017-10-25 00:00:00,56.2657,53.5734,54.9772,282477.24125939
2017-10-26 00:00:00,56.9333,54.9628,55.7492,203647.91886718
2017-10-27 00:00:00,55.9404,54.7508,55.1911,147884.33389085
2017-10-28 00:00:00,55.7497,53.7703,54.5858,129887.45877988
2017-10-29 00:00:00,57.6365,53.7428,55.4817,325505.09657682
2017-10-30 00:00:00,58.6060,55.8045,56.7791,314439.04615199
2017-10-31 00:00:00,56.7150,55.4866,56.1478,191865.24404151
2017-11-01 00:00:00,55.5784,52.7204,54.8112,305956.48040623
2017-11-02 00:00:00,54.8640,49.7595,52.3008,618388.86148464
2017-11-03 00:00:00,55.9515,53.6020,54.6939,387681.53557719
2017-11-04 00:00:00,55.9851,54.5039,55.0012,196528.78529721
2017-11-05 00:00:00,55.3728,54.2621,54.7412,41799.89247778
2017-11-06 00:00:00,55.6671,53.6253,54.7363,114573.14726947
2017-11-07 00:00:00,63.2338,54.4488,57.2390,354644.32745706
2017-11-08 00:00:00,63.0020,59.6173,61.4698,271067.77870168997
2017-11-09 00:00:00,66.7790,61.4065,63.4105,687929.02729951
2017-11-10 00:00:00,65.7588,55.7805,62.0239,765139.71060956
2017-11-11 00:00:00,63.3452,58.1292,60.6730,553556.12112708
2017-11-12 00:00:00,61.9596,56.3484,59.0275,780531.66045235
2017-11-13 00:00:00,61.6038,57.7691,59.7111,537448.94980902
2017-11-14 00:00:00,68.2753,59.7880,61.2393,470572.90889007
2017-11-15 00:00:00,64.8613,62.0908,63.0343,432747.37993631
2017-11-16 00:00:00,72.5483,62.5215,63.8210,812989.95333937
2017-11-17 00:00:00,71.1466,65.2606,67.7868,848152.69748389
2017-11-18 00:00:00,69.7814,65.1685,67.2292,399422.12948325
2017-11-19 00:00:00,73.0506,68.4413,70.0683,569262.51506291
2017-11-20 00:00:00,73.1127,70.9221,71.9416,380266.37282479
2017-11-21 00:00:00,72.7613,68.0709,70.8316,583151.62760094
2017-11-22 00:00:00,72.0365,69.8933,70.8380,276424.74895545
2017-11-23 00:00:00,76.1600,70.5493,73.2988,767371.92620618
2017-11-24 00:00:00,77.6306,72.0833,74.4233,537392.16761669
2017-11-25 00:00:00,89.0116,76.8263,81.5397,898968.6362795
2017-11-26 00:00:00,88.1498,82.9168,85.4762,504693.05413917
2017-11-27 00:00:00,92.3181,85.1301,89.1337,734098.80601732
2017-11-28 00:00:00,94.2054,89.0710,91.7924,597107.7181011
2017-11-29 00:00:00,102.5700,74.6121,94.8268,1665704.54626246
2017-11-30 00:00:00,91.0971,75.4206,84.2087,887610.60422452
2017-12-01 00:00:00,99.7174,81.3944,89.0764,906332.6576100601
2017-12-02 00:00:00,102.7209,96.7464,99.5308,612609.50664453
2017-12-03 00:00:00,105.7024,94.8629,100.6971,553164.12573486
2017-12-04 00:00:00,103.2638,94.3505,99.2233,395212.99327272
2017-12-05 00:00:00,103.4378,99.4965,101.2334,376429.76147586
2017-12-06 00:00:00,102.2513,92.9732,99.3987,572769.2670725799
2017-12-07 00:00:00,117.8825,85.0901,93.3020,560121.96967564
2017-12-08 00:00:00,127.0468,89.5655,103.5709,1507170.1151806
2017-12-09 00:00:00,155.7338,100.3109,142.2326,1766102.77369378
2017-12-10 00:00:00,153.5592,123.6085,138.9583,1021939.2755562
2017-12-11 00:00:00,222.2070,143.4797,170.3910,2089174.78732223
2017-12-12 00:00:00,316.6459,202.8024,265.7120,2351000.46032267
2017-12-13 00:00:00,345.2489,271.9038,299.4707,1484596.98371347
2017-12-14 00:00:00,307.1914,254.6121,286.4501,775044.58718045
2017-12-15 00:00:00,314.6332,244.2735,281.4150,1018146.05360436
2017-12-16 00:00:00,307.1195,284.8809,296.5154,460438.99897416
2017-12-17 00:00:00,328.9888,294.8596,315.9332,628883.18771828
2017-12-18 00:00:00,359.9616,294.1646,317.7988,663024.46801378
2017-12-19 00:00:00,369.4263,323.1882,349.1741,717208.77765335
2017-12-20 00:00:00,341.3561,295.5269,316.9176,698731.6043702
2017-12-21 00:00:00,327.4129,283.3452,306.2585,507620.03059261
2017-12-22 00:00:00,334.4437,177.0535,252.7230,150936.56962323
2017-12-23 00:00:00,337.1443,242.7720,277.5731,456105.91809706
2017-12-24 00:00:00,316.4377,232.6027,256.0979,49061.75435759
2017-12-25 00:00:00,343.1087,255.7366,269.2563,208980.59835481
2017-12-26 00:00:00,283.6622,260.5066,273.8373,256534.77552042
2017-12-27 00:00:00,311.3292,259.4068,273.0987,40809.22429491
2017-12-28 00:00:00,300.1388,231.9378,247.3311,343057.22470699
2017-12-29 00:00:00,280.1340,238.5384,249.0445,288751.40196796
2017-12-30 00:00:00,262.2792,198.4330,221.5381,440302.89189946
2017-12-31 00:00:00,254.8363,206.1672,221.8549,324811.78623198
2018-01-01 00:00:00,236.9552,215.8288,226.0864,207552.98473834
2018-01-02 00:00:00,296.9846,225.4657,248.1478,411141.4675541
2018-01-03 00:00:00,291.4831,241.7744,261.1413,942.25649875
2018-01-04 00:00:00,281.0674,225.4527,240.2495,71457.59531125
2018-01-05 00:00:00,278.0476,234.4738,250.7216,61178.64607145
2018-01-06 00:00:00,308.1182,243.3946,281.1549,975967.49362256
2018-01-07 00:00:00,287.2127,264.5263,278.4691,384120.73722558
2018-01-08 00:00:00,272.6189,231.0102,257.3248,503314.53909679997
2018-01-09 00:00:00,258.3590,237.4470,250.6278,368362.50854377996
2018-01-10 00:00:00,249.0836,229.0614,241.0776,404954.29078261997
2018-01-11 00:00:00,252.8614,216.6734,232.9514,524936.67796729
2018-01-12 00:00:00,241.2946,218.9392,232.8382,270567.66378645
2018-01-13 00:00:00,262.7037,235.0916,244.6379,325716.91487683
2018-01-14 00:00:00,269.8528,230.0800,244.0071,448396.02390709
2018-01-15 00:00:00,244.4531,231.3140,238.0847,513112.24682248
2018-01-16 00:00:00,232.7529,148.3367,205.7482,2771684.01698826
2018-01-17 00:00:00,203.3142,136.7459,174.5673,2987790.93235548
2018-01-18 00:00:00,209.1357,176.2832,193.2838,1608392.60320183
2018-01-19 00:00:00,202.4953,186.9767,193.8210,830586.2537208099
2018-01-20 00:00:00,214.7263,192.8054,204.1696,725470.05441767
2018-01-21 00:00:00,210.9807,183.6016,195.3926,676942.49706591
2018-01-22 00:00:00,194.6640,165.5097,184.1425,890066.57742169
2018-01-23 00:00:00,186.1931,164.8996,175.9676,740978.97501127
2018-01-24 00:00:00,184.5646,172.6901,178.6472,525989.22394367
2018-01-25 00:00:00,184.7430,175.4666,180.4631,445081.02132987
2018-01-26 00:00:00,182.0029,166.0151,175.5064,541647.29896559
2018-01-27 00:00:00,183.3277,174.1242,178.4963,397064.92390984
2018-01-28 00:00:00,194.1016,180.2736,186.0554,467972.30507718
2018-01-29 00:00:00,193.4265,177.8741,182.2710,439061.1144951
2018-01-30 00:00:00,180.3992,160.4878,172.9173,819139.27754753
2018-01-31 00:00:00,166.7190,155.9235,161.6681,629942.42428409
2018-02-01 00:00:00,165.2531,127.4093,151.8116,1416137.08033995
2018-02-02 00:00:00,141.6160,101.2626,127.4087,2368083.35319997
2018-02-03 00:00:00,166.3312,120.3854,139.5313,1685143.4443552599
2018-02-04 00:00:00,174.3999,136.7705,156.7715,2477267.64376926
2018-02-05 00:00:00,153.7308,114.5922,137.5358,2753122.29912401
2018-02-06 00:00:00,147.3114,105.8494,123.5050,3527395.55838054
2018-02-07 00:00:00,159.4214,130.9938,145.6721,1927826.7847571
2018-02-08 00:00:00,151.0241,137.4748,145.5645,991483.76757361
2018-02-09 00:00:00,164.1425,142.2903,150.5332,1062725.7151329601
2018-02-10 00:00:00,169.3376,148.1098,159.9147,1211075.7903537499
2018-02-11 00:00:00,155.8059,142.0082,149.7011,679101.99451862
2018-02-12 00:00:00,163.2345,148.9651,157.5399,713751.44655919
2018-02-13 00:00:00,162.1218,153.1446,157.8606,439023.68353704
2018-02-14 00:00:00,217.5683,159.0812,193.0433,3380616.73665613
2018-02-15 00:00:00,236.7659,207.3068,223.4265,2502632.31830188
2018-02-16 00:00:00,234.7138,210.7619,221.0468,1410107.31783
2018-02-17 00:00:00,232.6199,224.4783,228.5467,645985.34084572
2018-02-18 00:00:00,232.1699,212.4074,222.7291,1101171.15642054
2018-02-19 00:00:00,226.1105,213.7191,221.3704,594720.57081712
2018-02-20 00:00:00,251.2898,221.4604,238.2715,2145994.9600830697
2018-02-21 00:00:00,231.4990,204.9799,216.8621,1660347.11158094
2018-02-22 00:00:00,221.2483,188.7457,204.3259,1456444.13248645
2018-02-23 00:00:00,215.6282,182.3366,200.6881,1397715.88744377
2018-02-24 00:00:00,218.1900,194.7443,205.2322,1094846.26577044
2018-02-25 00:00:00,222.9008,200.1792,209.4292,1040298.85605669
2018-02-26 00:00:00,231.0994,214.8740,222.0287,1408048.40854116
2018-02-27 00:00:00,222.8871,212.9788,217.4310,723705.09637215
2018-02-28 00:00:00,223.4271,201.5936,212.0675,743429.47216958
2018-03-01 00:00:00,214.4780,200.5809,208.2450,572320.58510397
2018-03-02 00:00:00,213.1911,204.4809,207.8685,437611.36329756
2018-03-03 00:00:00,217.7601,208.9617,213.4054,577918.94914017
2018-03-04 00:00:00,214.3514,205.3033,209.1600,353393.19130828
2018-03-05 00:00:00,215.7165,209.0631,211.9000,359515.2339013
2018-03-06 00:00:00,210.5306,192.6679,203.1598,751071.20014439
2018-03-07 00:00:00,199.4088,175.5196,190.7258,1162542.6231295401
2018-03-08 00:00:00,188.0193,174.5854,181.7987,747176.56389755
2018-03-09 00:00:00,189.7520,158.8601,173.7207,1580503.48114344
2018-03-10 00:00:00,194.5994,175.8992,186.2337,715008.51745033
2018-03-11 00:00:00,192.9036,171.5519,183.2761,749465.99812986
2018-03-12 00:00:00,193.0744,174.7605,184.7816,718495.51982757
2018-03-13 00:00:00,181.8605,171.4280,176.4123,589299.84048784
2018-03-14 00:00:00,177.6945,157.6419,169.1607,808514.50370185
2018-03-15 00:00:00,167.3438,150.5715,160.7959,1064330.0038608
2018-03-16 00:00:00,171.9461,158.9810,164.8900,652331.36955451
2018-03-17 00:00:00,165.4550,151.1425,158.9839,615740.16686202
2018-03-18 00:00:00,157.1324,137.6191,146.4769,1274734.3477101799
2018-03-19 00:00:00,163.5466,151.3908,156.0545,869043.04818403
2018-03-20 00:00:00,173.7351,156.1909,162.2329,787312.69337557
2018-03-21 00:00:00,175.0678,165.9025,171.1557,661217.6618801099
2018-03-22 00:00:00,172.4552,160.4271,166.4226,552866.53220107
2018-03-23 00:00:00,169.0030,157.1003,161.0690,492479.46471217
2018-03-24 00:00:00,169.6461,158.7110,165.0893,401232.79984632
2018-03-25 00:00:00,163.0299,157.6874,160.1553,296605.27056821
2018-03-26 00:00:00,160.8438,142.4894,153.1560,857393.66701635
2018-03-27 00:00:00,149.3261,134.9413,141.6061,794756.00139142
2018-03-28 00:00:00,139.7287,130.4309,134.4481,613137.2140944
2018-03-29 00:00:00,132.4830,112.8451,122.0311,1498139.86919973
2018-03-30 00:00:00,126.1536,109.7262,116.8829,1321115.0546999
2018-03-31 00:00:00,124.8943,115.7210,120.0352,620731.79703841
2018-04-01 00:00:00,118.1006,110.0437,114.6191,595703.63154443
2018-04-02 00:00:00,121.6516,114.3310,118.6283,506385.16820472
2018-04-03 00:00:00,137.2367,118.5006,126.1753,837436.960329
2018-04-04 00:00:00,134.7931,115.5597,123.7225,1012345.19299695
2018-04-05 00:00:00,122.4661,114.0839,118.4522,687425.05803031
2018-04-06 00:00:00,120.0752,112.1126,115.0083,490424.73188438
2018-04-07 00:00:00,119.5432,112.8321,117.4251,438554.81615725
2018-04-08 00:00:00,118.5798,115.5988,116.9916,326520.36951148
2018-04-09 00:00:00,122.9287,113.1384,117.2269,689490.51050962
2018-04-10 00:00:00,115.3901,112.0047,114.0554,391190.24173919
2018-04-11 00:00:00,119.6950,113.3905,114.5718,399117.61440354004
2018-04-12 00:00:00,130.2725,113.3810,119.7618,1559680.13804818
2018-04-13 00:00:00,133.5310,124.1138,128.8288,1131803.70005294
2018-04-14 00:00:00,129.6691,124.5405,126.8566,377808.67118159
2018-04-15 00:00:00,132.7435,126.4350,129.9171,459840.14268317
2018-04-16 00:00:00,133.2305,125.3113,127.9549,509958.46570618
2018-04-17 00:00:00,140.1697,128.6906,134.5053,928305.7806674399
2018-04-18 00:00:00,141.5387,132.2251,137.0042,579455.7569713499
2018-04-19 00:00:00,147.5955,139.0000,142.2581,633318.23512296
2018-04-20 00:00:00,156.4569,143.6055,149.4316,798141.50315977
2018-04-21 00:00:00,156.9260,141.2102,149.4818,787893.02176295
2018-04-22 00:00:00,153.1385,145.1291,148.9204,417351.73088794
2018-04-23 00:00:00,153.3230,146.4195,150.5003,449591.54496955
2018-04-24 00:00:00,165.9608,152.5200,161.8773,1059407.7807646699
2018-04-25 00:00:00,164.7898,140.8121,151.2208,1317512.47169667
2018-04-26 00:00:00,154.3659,142.4057,146.6751,547914.62230876
2018-04-27 00:00:00,153.8533,145.3695,150.5728,545621.77121208
2018-04-28 00:00:00,153.1899,145.1196,150.2153,363610.67056046997
2018-04-29 00:00:00,156.1379,148.2474,152.3099,372691.37400350004
2018-04-30 00:00:00,154.2317,147.4058,150.8920,326778.41185169
2018-05-01 00:00:00,148.6970,143.1263,145.4789,444687.86604611
2018-05-02 00:00:00,153.1347,146.3949,148.6828,327692.44402157003
2018-05-03 00:00:00,163.8546,150.7294,155.8797,790143.22958262
2018-05-04 00:00:00,171.0094,157.5628,161.9270,694475.48403705
2018-05-05 00:00:00,182.6758,167.9509,174.3870,783587.33085963
2018-05-06 00:00:00,182.8185,165.2295,172.2941,669662.25193611
2018-05-07 00:00:00,171.9418,157.5684,163.9447,294641.64335158997
2018-05-08 00:00:00,168.1002,157.3121,162.0364,511967.44566684
2018-05-09 00:00:00,160.0668,151.0854,156.4142,461555.76548611
2018-05-10 00:00:00,160.4437,147.9854,156.4659,402620.91240955
2018-05-11 00:00:00,148.5147,133.6062,141.8808,911137.5564899
2018-05-12 00:00:00,144.7287,131.6343,138.6124,512125.21800825
2018-05-13 00:00:00,146.7766,137.0281,141.8149,366623.31145598
2018-05-14 00:00:00,152.7094,134.9342,142.5115,913465.49177706
2018-05-15 00:00:00,149.5102,138.1058,144.0081,490273.50411037
2018-05-16 00:00:00,141.0007,134.7375,137.6645,357144.06878767
2018-05-17 00:00:00,141.2682,131.5857,137.6721,331031.00049277
2018-05-18 00:00:00,137.5598,129.2117,132.9625,405766.66682663
2018-05-19 00:00:00,137.8360,133.3222,135.3969,181005.88770713
2018-05-20 00:00:00,140.6239,132.7095,137.0150,223086.98038348
2018-05-21 00:00:00,139.8588,133.7696,136.5488,217002.70036692
2018-05-22 00:00:00,135.8483,127.7695,132.5568,264701.85206154
2018-05-23 00:00:00,129.3625,116.6871,123.7645,589565.88648675
2018-05-24 00:00:00,124.9837,115.1489,120.7401,435591.56224552
2018-05-25 00:00:00,124.2714,117.2388,120.3314,278670.28357699
2018-05-26 00:00:00,122.3934,117.5767,120.3573,169686.20426111
2018-05-27 00:00:00,118.8772,116.7976,117.6837,173873.13689621
2018-05-28 00:00:00,118.9813,110.5223,114.5750,391551.2109358
2018-05-29 00:00:00,122.6109,109.9443,116.5706,448386.37292221
2018-05-30 00:00:00,122.6453,115.1530,119.2580,315603.84147047
2018-05-31 00:00:00,120.8685,116.4550,118.9006,270326.17041863
2018-06-01 00:00:00,120.4179,117.1166,118.7389,227821.50992223
2018-06-02 00:00:00,124.3509,118.9072,122.0968,261224.98373263
2018-06-03 00:00:00,127.8682,122.4498,125.2014,303395.31959723
2018-06-04 00:00:00,126.7006,118.4422,121.6558,266992.12168444
2018-06-05 00:00:00,122.3761,116.4351,119.0696,298433.12368549
2018-06-06 00:00:00,122.5812,118.5344,120.9740,253360.86233856
2018-06-07 00:00:00,123.5571,119.6700,121.6725,257635.75779757
2018-06-08 00:00:00,122.0123,118.5629,119.8285,188652.30012062
2018-06-09 00:00:00,120.9484,117.1565,119.6983,153372.25658927
2018-06-10 00:00:00,117.4426,103.3611,111.5461,905502.84297734
2018-06-11 00:00:00,108.6710,103.3086,106.3477,507799.13428198
2018-06-12 00:00:00,107.8963,97.8335,104.9108,629279.24433028
2018-06-13 00:00:00,100.4360,89.5180,95.9017,793449.55792889
2018-06-14 00:00:00,102.8384,93.0068,97.3237,655532.80420236
2018-06-15 00:00:00,101.0504,94.9259,98.0976,371528.09362533
2018-06-16 00:00:00,97.6111,93.0090,96.0243,276075.34382751
2018-06-17 00:00:00,98.0507,94.9700,96.5063,208307.21691798998
2018-06-18 00:00:00,99.8664,93.2424,95.7181,396916.02674488
2018-06-19 00:00:00,101.4555,97.2144,98.4526,318505.03189935
2018-06-20 00:00:00,98.9720,95.6547,97.0967,238153.90345035002
2018-06-21 00:00:00,99.1570,96.1982,97.2594,219526.61892906998
2018-06-22 00:00:00,96.9961,80.7158,89.0983,901902.69116708
2018-06-23 00:00:00,86.7702,81.9527,83.9113,363305.20545495
2018-06-24 00:00:00,83.7458,73.8472,79.2932,862485.88100086
2018-06-25 00:00:00,84.1773,78.9063,81.3601,534189.0172455
2018-06-26 00:00:00,82.5579,75.7664,80.4244,426656.40058514
2018-06-27 00:00:00,81.7962,75.2468,78.4077,449543.37157847
2018-06-28 00:00:00,81.3803,74.4219,79.0021,468813.50698239
2018-06-29 00:00:00,80.5632,72.8943,74.5281,624072.23127943
2018-06-30 00:00:00,84.0226,79.1862,81.3737,505334.07337847
2018-07-01 00:00:00,81.4996,78.1112,79.8416,295710.84625812003
2018-07-02 00:00:00,86.8080,78.4557,82.2712,483770.529827
2018-07-03 00:00:00,89.9492,84.3369,86.8897,523274.02931399
2018-07-04 00:00:00,88.8460,83.6890,85.6790,354342.76142264
2018-07-05 00:00:00,86.8465,82.2177,84.5127,441078.07572595996
2018-07-06 00:00:00,84.2480,80.9858,82.9685,286866.56692226
2018-07-07 00:00:00,85.4911,80.0127,82.0173,341434.55080073996
2018-07-08 00:00:00,85.6906,82.0396,84.2611,285033.5564442
2018-07-09 00:00:00,83.1153,80.4578,82.0285,320389.87921262
2018-07-10 00:00:00,80.6501,74.8615,77.3579,553522.17579241
2018-07-11 00:00:00,80.9535,75.7477,77.5770,407069.34572677
2018-07-12 00:00:00,78.3263,74.7310,76.2885,380828.63839472
2018-07-13 00:00:00,78.5106,75.4072,77.1818,382187.18205001997
2018-07-14 00:00:00,77.3783,75.6308,76.3357,237110.92367236002
2018-07-15 00:00:00,79.3133,75.2980,77.3726,277088.91117426
2018-07-16 00:00:00,83.9698,77.7367,80.9664,518220.56028654
2018-07-17 00:00:00,89.9996,81.6409,84.6509,606044.10483033
2018-07-18 00:00:00,94.0580,85.1951,90.1321,696326.28890679
2018-07-19 00:00:00,88.8781,85.0565,86.6337,374798.32556524
2018-07-20 00:00:00,86.4429,81.2448,84.0228,458352.85006738
2018-07-21 00:00:00,84.7499,79.8321,82.7476,259021.04205505
2018-07-22 00:00:00,84.1531,81.9365,83.0983,248213.87680623
2018-07-23 00:00:00,85.7222,81.4434,83.7845,413162.95281593
2018-07-24 00:00:00,89.6045,80.9883,86.2833,623008.66324324
2018-07-25 00:00:00,90.4755,85.0242,87.0729,406429.22095118003
2018-07-26 00:00:00,87.8342,82.9153,86.5736,320468.19419011
2018-07-27 00:00:00,84.9903,81.5803,83.5423,339498.49298164
2018-07-28 00:00:00,84.6843,82.5383,83.8464,180390.99215088
2018-07-29 00:00:00,85.2934,83.3569,83.9905,196661.24221290002
2018-07-30 00:00:00,84.5993,79.9273,82.9078,361770.37379597
2018-07-31 00:00:00,82.5102,76.4804,79.4665,451566.63644763
2018-08-01 00:00:00,78.9583,76.0942,77.4649,368033.59598233
2018-08-02 00:00:00,78.3855,75.5936,76.9371,255367.4696217
2018-08-03 00:00:00,77.9489,74.9597,76.0542,322995.71838387003
2018-08-04 00:00:00,78.0766,72.3110,75.7259,319225.73103937
2018-08-05 00:00:00,74.6649,72.4771,73.7634,234801.29063699
2018-08-06 00:00:00,76.8467,72.4817,74.3225,289087.705897
2018-08-07 00:00:00,75.1395,66.8505,73.2735,575501.83436215
2018-08-08 00:00:00,67.5007,61.1145,64.7250,830680.24073164
2018-08-09 00:00:00,65.0361,60.2654,63.0580,497721.88455579
2018-08-10 00:00:00,63.1800,58.4392,61.6740,536099.90811354
2018-08-11 00:00:00,60.0162,55.2700,57.0905,638477.97333522
2018-08-12 00:00:00,61.4895,57.6353,59.6914,413218.79620787
2018-08-13 00:00:00,60.5084,55.8051,58.4428,460447.93220559
2018-08-14 00:00:00,56.5307,49.7010,52.0534,966875.61677434
2018-08-15 00:00:00,59.1915,54.0169,56.1265,992854.41497442
2018-08-16 00:00:00,57.5872,54.3212,55.7682,430233.61906815
2018-08-17 00:00:00,61.7258,55.1832,57.7461,586055.1544702899
2018-08-18 00:00:00,62.4057,55.5183,58.2862,483937.87974034
2018-08-19 00:00:00,58.9361,56.3994,57.3400,326883.56297354
2018-08-20 00:00:00,58.5352,53.3785,56.4842,696272.22860488
2018-08-21 00:00:00,56.7591,53.3393,55.1597,373207.59864941
2018-08-22 00:00:00,59.1606,54.0573,56.7612,676902.63560834
2018-08-23 00:00:00,57.7700,54.9823,55.7728,340540.87357588
2018-08-24 00:00:00,58.1815,55.6789,56.9875,328732.21592971
2018-08-25 00:00:00,58.2926,57.1030,57.7955,218498.31140467
2018-08-26 00:00:00,58.0913,55.9748,56.7793,355417.7482306
2018-08-27 00:00:00,60.9845,56.6189,57.5856,415873.36623967
2018-08-28 00:00:00,63.7411,59.7607,61.2232,502274.43683525
2018-08-29 00:00:00,63.3544,60.4038,61.9979,399584.81451707997
2018-08-30 00:00:00,61.6714,58.6465,59.9974,381837.82533514
2018-08-31 00:00:00,62.6839,59.5673,60.8300,294340.61444491
2018-09-01 00:00:00,67.8506,62.1090,64.7405,601154.53421492
2018-09-02 00:00:00,66.9925,64.2534,65.6276,412140.07824709
2018-09-03 00:00:00,66.4800,64.4263,65.1152,283593.43240503
2018-09-04 00:00:00,69.3052,65.3634,67.5699,597037.9544441
2018-09-05 00:00:00,68.2738,57.6558,63.9739,972859.58031411
2018-09-06 00:00:00,57.7844,54.1933,55.7710,858942.0658435
2018-09-07 00:00:00,58.4663,55.2379,56.6974,412122.18541521
2018-09-08 00:00:00,57.2216,52.0955,55.4639,469261.62043426
2018-09-09 00:00:00,56.6496,52.3665,54.4369,426817.28396549
2018-09-10 00:00:00,56.2820,53.1622,54.4850,538160.2118128301
2018-09-11 00:00:00,54.6721,50.2306,53.0456,598971.7371585601
2018-09-12 00:00:00,52.0111,47.3176,49.9671,839262.06775878
2018-09-13 00:00:00,55.3002,51.6673,53.6407,707563.4803663599
2018-09-14 00:00:00,58.8659,53.0083,55.1383,728727.26025269
2018-09-15 00:00:00,58.7676,55.8226,57.4082,387309.78493006004
2018-09-16 00:00:00,57.4388,54.6131,56.2726,386093.56270070997
2018-09-17 00:00:00,57.8114,51.4940,55.0643,621939.01603674
2018-09-18 00:00:00,55.3901,50.5612,52.8652,542502.78532258
2018-09-19 00:00:00,54.9208,51.8821,53.7628,669962.32136626
2018-09-20 00:00:00,57.3696,53.4207,54.3004,443152.53112395003
2018-09-21 00:00:00,62.6704,56.4200,58.3038,834007.02677523
2018-09-22 00:00:00,61.7793,58.0969,59.9250,624213.50411587
2018-09-23 00:00:00,63.5672,59.9676,61.4073,645074.1044718401
2018-09-24 00:00:00,61.4005,57.2667,58.9731,735492.60566474
2018-09-25 00:00:00,58.0523,54.4239,56.3268,762031.12328058
2018-09-26 00:00:00,59.8002,56.5472,57.6429,601463.2901969
2018-09-27 00:00:00,65.4813,56.7056,60.4718,1286227.055504
2018-09-28 00:00:00,64.7113,60.3623,62.4584,739776.01963346
2018-09-29 00:00:00,62.2243,59.2029,60.9565,428071.27665961
2018-09-30 00:00:00,62.9191,59.9932,61.0203,612811.6636340499
2018-10-01 00:00:00,61.9271,59.5238,60.6947,597766.83466398
2018-10-02 00:00:00,61.6050,59.2360,60.3599,542468.15315837
2018-10-03 00:00:00,59.4824,56.7122,57.7016,745819.2926663699
2018-10-04 00:00:00,59.2123,57.3704,58.6053,441421.25556196
2018-10-05 00:00:00,59.5930,57.5666,58.1632,479034.0034317
2018-10-06 00:00:00,59.0102,56.9870,58.0769,421156.81412846
2018-10-07 00:00:00,58.4973,56.9562,57.7820,443296.23086055
2018-10-08 00:00:00,59.9896,57.5661,58.6409,423810.57951452
2018-10-09 00:00:00,59.6291,58.4067,58.9644,371152.47954151
2018-10-10 00:00:00,58.8839,57.3019,57.9409,392328.23816929
2018-10-11 00:00:00,58.1054,50.4079,52.5025,1042241.2863668599
2018-10-12 00:00:00,53.7833,50.6883,52.7427,521349.47914549004
2018-10-13 00:00:00,54.4797,53.1585,53.7382,383646.97920083
2018-10-14 00:00:00,54.1010,52.0473,53.5288,423644.54292472004
2018-10-15 00:00:00,58.3680,51.9917,54.3005,985453.22678267
2018-10-16 00:00:00,55.4504,53.2227,54.4076,440349.18954471
2018-10-17 00:00:00,54.5057,53.1105,53.8683,448169.91841881
2018-10-18 00:00:00,54.6238,51.9181,53.5739,405352.97672532
2018-10-19 00:00:00,54.1382,51.9414,53.1278,358646.23705564
2018-10-20 00:00:00,54.1118,52.9597,53.5853,333298.10952296003
2018-10-21 00:00:00,54.3756,53.2708,53.8952,340964.4088974
2018-10-22 00:00:00,53.7909,52.2987,53.0522,364765.55132626
2018-10-23 00:00:00,53.4836,52.3134,52.7834,384159.38531134004
2018-10-24 00:00:00,53.5078,52.5331,52.9941,301168.4640886
2018-10-25 00:00:00,52.9509,52.3721,52.6723,333472.49010833
2018-10-26 00:00:00,53.1626,52.0898,52.5197,391073.59925918
2018-10-27 00:00:00,52.5943,51.9473,52.3090,371235.26971715
2018-10-28 00:00:00,52.3599,51.6760,52.0288,357432.86370717
2018-10-29 00:00:00,52.0628,48.1587,50.5677,578689.73840228
2018-10-30 00:00:00,49.5689,48.8318,49.1895,377327.82452676
2018-10-31 00:00:00,50.5294,48.0092,49.4848,486675.53231117997
2018-11-01 00:00:00,50.6868,49.7458,50.0529,402590.8488521
